<?xml version="1.0" encoding="UTF-8"?>  
    
<Employers>
   <Employee>
        <Name>Hari Haran</Name>
        <Id>29309</Id>
        <Age>24</Age>
        <Designation>SE</Designation>
   </Employee>
   <Employee>
        <Name>Robin</Name>
        <Id>27000</Id>
        <Age>25</Age>
        <Designation>SSE</Designation>
   </Employee>
   <Employee>
        <Name>Sachin</Name>
        <Id>4027</Id>
        <Age>27</Age>
        <Designation>STL</Designation>
   </Employee>
   <Employee>
        <Name>Austin</Name>
        <Id>4444</Id>
        <Age>27</Age>
        <Designation>TL</Designation>
   </Employee>
   <Employee>
        <Name>Mike Hussey</Name>
        <Id>12345</Id>
        <Age>35</Age>
        <Designation>Manager</Designation>
   </Employee>
   <Employee>
        <Name>David Hussey</Name>
        <Id>11111</Id>
        <Age>40</Age>
        <Designation>Senior Manager</Designation>
   </Employee>
</Employers>