<?xml version="1.0" encoding="UTF-8"?>
<!DOCTYPE hibernate-configuration PUBLIC
		"-//Hibernate/Hibernate Configuration DTD 3.0//EN"
		"http://hibernate.sourceforge.net/hibernate-configuration-3.0.dtd">
<hibernate-configuration>
    <session-factory>        
	    <property name="hibernate.connection.driver_class">com.mysql.jdbc.Driver</property> 
		<property name="hibernate.connection.url">jdbc:mysql://localhost:3306/advertisements</property> 
		<property name="hibernate.connection.username">root</property> 
		<property name="hibernate.connection.password">root</property> 
		<!--  total 10 session objects can be created at a time. one session object means one thread 
		  --> 
		<property name="hibernate.connection.pool_size">10</property> 
	    <property name="show_sql">True</property> 
		<property name="dialect">org.hibernate.dialect.MySQLDialect</property> 
		<!-- Automatically either validates or exports schema DDL to the 
		      database when the SessionFactory is created. The create option will
		       always overwrite the tables. The update option will change the
		        table schema if mapping file is changed. With create-drop, 
		        the database schema will be dropped when the SessionFactory
		        is closed explicitly. Possible options are 
		        validate | update | create | create-drop for DDL queries  
		  --> 
		<property name="hibernate.hbm2ddl.auto">update</property> 
		<property name="hibernate.current_session_context_class">thread</property>
		<!--  Mapping files --> 
		<mapping resource="com/aricent/adportal/datastore/hbn/Advertisements.hbm.xml" />
		<mapping resource="com/aricent/adportal/datastore/hbn/Adlets.hbm.xml" />   
		<mapping resource="com/aricent/adportal/datastore/hbn/Users.hbm.xml" />      
    </session-factory>
</hibernate-configuration>
