<?xml version="1.0"?>
<!DOCTYPE hibernate-mapping PUBLIC "-//Hibernate/Hibernate Mapping DTD 3.0//EN"
"http://hibernate.sourceforge.net/hibernate-mapping-3.0.dtd">
<!-- Generated 21 Mar, 2013 5:23:22 PM by Hibernate Tools 3.4.0.CR1 -->
<hibernate-mapping>
    <class name="com.aricent.adportal.datastore.hbn.Adlets" table="adlets" catalog="advertisements">
        <id name="adlId" type="string">
            <column name="adl_id" />
            <generator class="assigned" />
        </id>
        <many-to-one name="advertisements" class="com.aricent.adportal.datastore.hbn.Advertisements" fetch="select">
            <column name="adv_id" />
        </many-to-one>
        <property name="adlType" type="string">
            <column name="adl_type" />
        </property>
        <property name="adlTitle" type="string">
            <column name="adl_title" />
        </property>
        <property name="url" type="string">
            <column name="url" />
        </property>
        <property name="sizex" type="java.lang.Integer">
            <column name="sizex" />
        </property>
        <property name="sizey" type="java.lang.Integer">
            <column name="sizey" />
        </property>
        <property name="timeout" type="java.lang.Integer">
            <column name="timeout" />
        </property>
    </class>
</hibernate-mapping>
