<?xml version="1.0"?>
<!DOCTYPE hibernate-mapping PUBLIC "-//Hibernate/Hibernate Mapping DTD 3.0//EN"
"http://hibernate.sourceforge.net/hibernate-mapping-3.0.dtd">
<!-- Generated 21 Mar, 2013 5:23:22 PM by Hibernate Tools 3.4.0.CR1 -->
<hibernate-mapping>
    <class name="com.aricent.adportal.datastore.hbn.Advertisements" table="advertisements" catalog="advertisements">
        <id name="advId" type="string">
            <column name="adv_id" />
            <generator class="assigned" />
        </id>
        <many-to-one name="users" class="com.aricent.adportal.datastore.hbn.Users" fetch="select">
            <column name="adv_user_id" />
        </many-to-one>
        <property name="advStatus" type="string">
            <column name="adv_status" />
        </property>
        <property name="advTitle" type="string">
            <column name="adv_title" />
        </property>
        <property name="advCreateDateTime" type="string">
            <column name="adv_create_date_time" length="45" />
        </property>
        <set name="adletses" table="adlets" inverse="true" lazy="false" fetch="select">
            <key>
                <column name="adv_id"/>
            </key>
            <one-to-many class="com.aricent.adportal.datastore.hbn.Adlets" />
        </set>
    </class>
</hibernate-mapping>
