<?xml version="1.0"?>
<!DOCTYPE hibernate-mapping PUBLIC "-//Hibernate/Hibernate Mapping DTD 3.0//EN"
"http://hibernate.sourceforge.net/hibernate-mapping-3.0.dtd">
<!-- Generated 21 Mar, 2013 5:23:22 PM by Hibernate Tools 3.4.0.CR1 -->
<hibernate-mapping>
    <class name="com.aricent.adportal.datastore.hbn.Users" table="users" catalog="advertisements">
        <id name="userId" type="string">
            <column name="user_id" />
            <generator class="assigned" />
        </id>
        <property name="userType" type="string">
            <column name="user_type" />
        </property>
        <property name="password" type="string">
            <column name="password" />
        </property>
        <property name="confirmPassword" type="string">
            <column name="confirm_password" />
        </property>
        <property name="firstname" type="string">
            <column name="firstname" />
        </property>
        <property name="lastname" type="string">
            <column name="lastname" />
        </property>
        <property name="emailId" type="string">
            <column name="email_id" />
        </property>
        <property name="contactNumber" type="string">
            <column name="contact_number" />
        </property>
        <property name="address" type="string">
            <column name="address" />
        </property>
        <property name="state" type="string">
            <column name="state" />
        </property>
        <property name="country" type="string">
            <column name="country" />
        </property>
        <set name="advertisementses" table="advertisements" inverse="true" lazy="true" fetch="select">
            <key>
                <column name="adv_user_id" />
            </key>
            <one-to-many class="com.aricent.adportal.datastore.hbn.Advertisements" />
        </set>
    </class>
</hibernate-mapping>
